step,epoch,loss,learning_rate,rewards/margins,rewards/accuracies
1,0.008,0.6968,0.0,-0.007121383678168058,0.5
2,0.016,0.692,3.846153846153847e-07,0.002849066164344549,0.625
3,0.024,0.6973,7.692307692307694e-07,-0.00817500427365303,0.25
4,0.032,0.6853,1.153846153846154e-06,0.016128025949001312,0.5
5,0.04,0.697,1.5384615384615387e-06,-0.0075089577585458755,0.125
6,0.048,0.6743,1.9230769230769234e-06,0.03894007205963135,0.625
7,0.056,0.6661,2.307692307692308e-06,0.05701850354671478,0.625
8,0.064,0.6615,2.6923076923076923e-06,0.06755442917346954,0.75
9,0.072,0.6202,3.0769230769230774e-06,0.1588585376739502,0.75
10,0.08,0.6207,3.4615384615384617e-06,0.16360020637512207,0.75
11,0.088,0.6579,3.846153846153847e-06,0.08279474079608917,0.625
12,0.096,0.6739,4.230769230769231e-06,0.04443535581231117,0.375
13,0.104,0.6537,4.615384615384616e-06,0.09303762018680573,0.625
14,0.112,0.6978,5e-06,-0.0090559720993042,0.375
15,0.12,0.597,4.955357142857144e-06,0.2546062469482422,0.875
16,0.128,0.6448,4.910714285714286e-06,0.13285230100154877,0.625
17,0.136,0.5598,4.866071428571429e-06,0.3518964648246765,0.375
18,0.144,0.5396,4.821428571428572e-06,0.41364607214927673,0.875
19,0.152,0.5601,4.776785714285715e-06,0.4319828748703003,0.625
20,0.16,0.6235,4.732142857142857e-06,0.20651106536388397,0.75
21,0.168,0.6792,4.6875000000000004e-06,0.029207788407802582,0.5
22,0.176,0.6302,4.642857142857144e-06,0.20815719664096832,0.375
23,0.184,0.5566,4.5982142857142854e-06,0.46449676156044006,0.5
24,0.192,0.636,4.553571428571429e-06,0.1735522300004959,0.375
25,0.2,0.6272,4.508928571428572e-06,0.23675474524497986,0.375
26,0.208,0.6282,4.464285714285715e-06,0.20099197328090668,0.625
27,0.216,0.629,4.419642857142857e-06,0.26124101877212524,0.5
28,0.224,0.6255,4.3750000000000005e-06,0.24061980843544006,0.625
29,0.232,0.5345,4.330357142857143e-06,0.6107621192932129,0.875
30,0.24,0.6839,4.2857142857142855e-06,0.01876925304532051,0.875
31,0.248,0.4668,4.241071428571429e-06,0.8557456135749817,0.625
32,0.256,0.6904,4.196428571428572e-06,0.005712032318115234,0.625
33,0.264,0.553,4.151785714285715e-06,0.457923024892807,0.75
34,0.272,0.4661,4.107142857142857e-06,0.894411027431488,0.75
35,0.28,0.478,4.0625000000000005e-06,0.7742153406143188,0.75
36,0.288,0.6234,4.017857142857143e-06,0.24610307812690735,0.375
37,0.296,0.459,3.9732142857142855e-06,0.8382002711296082,0.875
38,0.304,0.6138,3.928571428571429e-06,0.25290119647979736,0.625
39,0.312,0.6258,3.883928571428572e-06,0.23718573153018951,0.625
40,0.32,0.5711,3.839285714285715e-06,0.41493067145347595,0.375
41,0.328,0.6169,3.794642857142857e-06,0.24626044929027557,0.875
42,0.336,0.524,3.7500000000000005e-06,0.7355603575706482,0.875
43,0.344,0.3403,3.7053571428571434e-06,1.3912949562072754,0.75
44,0.352,0.685,3.660714285714286e-06,0.016396034508943558,0.75
45,0.36,0.3738,3.616071428571429e-06,1.377769947052002,1.0
46,0.368,0.5355,3.5714285714285718e-06,0.6220953464508057,0.875
47,0.376,0.5218,3.5267857142857147e-06,0.6720612049102783,0.75
48,0.384,0.6043,3.482142857142857e-06,0.3289537727832794,0.75
49,0.392,0.4466,3.4375e-06,1.1629594564437866,0.75
50,0.4,0.6897,3.3928571428571435e-06,0.00799182802438736,0.5
51,0.408,0.4219,3.3482142857142855e-06,1.1842752695083618,0.875
52,0.416,0.612,3.303571428571429e-06,0.33289480209350586,0.625
53,0.424,0.6017,3.258928571428572e-06,0.44882041215896606,0.875
54,0.432,0.6125,3.2142857142857147e-06,0.31025105714797974,0.625
55,0.44,0.699,3.1696428571428572e-06,-0.011434853076934814,0.375
56,0.448,0.5898,3.125e-06,0.4355105757713318,0.875
57,0.456,0.6707,3.080357142857143e-06,0.0459652915596962,0.75
58,0.464,0.5145,3.0357142857142856e-06,0.7130506634712219,0.875
59,0.472,0.379,2.991071428571429e-06,1.3687498569488525,0.875
60,0.48,0.4682,2.946428571428572e-06,0.8455034494400024,0.875
61,0.488,0.614,2.9017857142857148e-06,0.2982827126979828,0.625
62,0.496,0.6034,2.8571428571428573e-06,0.37234625220298767,0.75
63,0.504,0.6077,2.8125e-06,0.4508987367153168,0.75
64,0.512,0.6904,2.767857142857143e-06,0.005783700849860907,0.625
65,0.52,0.3769,2.7232142857142856e-06,1.2952795028686523,0.875
66,0.528,0.4382,2.6785714285714285e-06,1.007257103919983,1.0
67,0.536,0.5947,2.633928571428572e-06,0.37825483083724976,0.875
68,0.544,0.6194,2.5892857142857148e-06,0.2627376616001129,0.5
69,0.552,0.4494,2.5446428571428573e-06,1.0182228088378906,0.75
70,0.56,0.6962,2.5e-06,-0.005587172694504261,0.5
71,0.568,0.6722,2.455357142857143e-06,0.04338556528091431,0.625
72,0.576,0.4932,2.410714285714286e-06,0.7971674799919128,0.875
73,0.584,0.5893,2.3660714285714285e-06,0.42151641845703125,0.625
74,0.592,0.6764,2.321428571428572e-06,0.03429305553436279,0.875
75,0.6,0.5879,2.2767857142857144e-06,0.4525332748889923,1.0
76,0.608,0.5911,2.2321428571428573e-06,0.43880191445350647,0.75
77,0.616,0.4645,2.1875000000000002e-06,0.877418577671051,0.875
78,0.624,0.5962,2.1428571428571427e-06,0.3809627592563629,0.75
79,0.632,0.3494,2.098214285714286e-06,1.414286494255066,0.875
80,0.64,0.6777,2.0535714285714286e-06,0.0316818468272686,0.625
81,0.648,0.53,2.0089285714285715e-06,0.6612270474433899,0.75
82,0.656,0.6063,1.9642857142857144e-06,0.30463898181915283,0.875
83,0.664,0.5941,1.9196428571428573e-06,0.42055222392082214,1.0
84,0.672,0.5852,1.8750000000000003e-06,0.38977524638175964,1.0
85,0.68,0.5274,1.830357142857143e-06,0.6738009452819824,0.875
86,0.688,0.4575,1.7857142857142859e-06,0.9691199064254761,0.75
87,0.696,0.663,1.7410714285714286e-06,0.06510566920042038,0.625
88,0.704,0.5291,1.6964285714285717e-06,0.6889706254005432,0.75
89,0.712,0.5314,1.6517857142857144e-06,0.7557713985443115,0.625
90,0.72,0.6667,1.6071428571428574e-06,0.05459507554769516,0.75
91,0.728,0.6013,1.5625e-06,0.3371467590332031,0.75
92,0.736,0.5319,1.5178571428571428e-06,0.7045682668685913,0.75
93,0.744,0.6054,1.473214285714286e-06,0.40893179178237915,0.625
94,0.752,0.4361,1.4285714285714286e-06,1.2538247108459473,0.75
95,0.76,0.4587,1.3839285714285715e-06,1.0223009586334229,0.875
96,0.768,0.688,1.3392857142857143e-06,0.011164091527462006,0.5
97,0.776,0.511,1.2946428571428574e-06,0.7564041018486023,0.625
98,0.784,0.5306,1.25e-06,0.6228048205375671,0.875
99,0.792,0.6568,1.205357142857143e-06,0.07748193293809891,0.625
100,0.8,0.5255,1.160714285714286e-06,0.7215007543563843,0.75
101,0.808,0.6602,1.1160714285714287e-06,0.06825655698776245,0.75
102,0.816,0.5182,1.0714285714285714e-06,0.7918956875801086,0.875
103,0.824,0.6111,1.0267857142857143e-06,0.31737953424453735,0.5
104,0.832,0.5985,9.821428571428572e-07,0.47296154499053955,0.875
105,0.84,0.4624,9.375000000000001e-07,1.0495105981826782,0.625
106,0.848,0.6712,8.928571428571429e-07,0.04553312063217163,0.75
107,0.856,0.5933,8.482142857142859e-07,0.38845378160476685,0.75
108,0.864,0.4562,8.035714285714287e-07,0.9811651110649109,0.625
109,0.872,0.4485,7.589285714285714e-07,1.1158061027526855,0.75
110,0.88,0.6011,7.142857142857143e-07,0.28031909465789795,0.875
111,0.888,0.5186,6.696428571428571e-07,0.8941684365272522,0.625
112,0.896,0.4513,6.25e-07,1.0416299104690552,0.75
113,0.904,0.4168,5.80357142857143e-07,1.0878829956054688,0.875
114,0.912,0.6086,5.357142857142857e-07,0.2889982759952545,0.875
115,0.92,0.616,4.910714285714286e-07,0.30300408601760864,0.625
116,0.928,0.512,4.4642857142857147e-07,0.7592871785163879,0.75
117,0.936,0.5358,4.0178571428571434e-07,0.5738462805747986,0.75
118,0.944,0.5189,3.5714285714285716e-07,0.7506564855575562,1.0
119,0.952,0.4994,3.125e-07,0.8768864274024963,0.875
120,0.96,0.516,2.6785714285714284e-07,0.6893547177314758,0.75
121,0.968,0.4643,2.2321428571428574e-07,0.9547704458236694,0.75
122,0.976,0.5073,1.7857142857142858e-07,0.7055333852767944,0.875
123,0.984,0.5654,1.3392857142857142e-07,0.5416378974914551,0.875
124,0.992,0.6022,8.928571428571429e-08,0.46175113320350647,0.625
125,1.0,0.5994,4.4642857142857145e-08,0.3608666956424713,0.875
