step,loss,mean_token_accuracy
1,1.4284,0.8124054074287415
2,1.3835,0.849503368139267
3,1.4107,0.8364256024360657
4,1.63,0.8143149614334106
5,1.8602,0.7872742712497711
6,1.6774,0.8032658398151398
7,1.5628,0.8169896900653839
8,1.8522,0.764276921749115
9,1.5839,0.8241836130619049
10,1.6755,0.7534405589103699
11,1.3235,0.8252820372581482
12,1.4644,0.7801653742790222
13,1.2268,0.805224597454071
14,1.2454,0.7857173085212708
15,0.9703,0.8128672242164612
16,0.8019,0.8319467306137085
17,0.8082,0.8243708610534668
18,0.786,0.8464798927307129
19,0.5077,0.8918331265449524
20,0.7403,0.8453829884529114
21,0.5846,0.8816030919551849
22,0.713,0.8365260362625122
23,0.7966,0.8099189400672913
24,0.7108,0.8229796588420868
25,0.4118,0.89976367354393
26,0.6921,0.8068719208240509
27,0.6326,0.8445578217506409
28,0.5964,0.8677206933498383
29,0.6874,0.8177489340305328
30,0.5861,0.8551573753356934
31,0.5197,0.8824087381362915
32,0.5364,0.8717120587825775
33,0.5701,0.8627807796001434
34,0.5122,0.8719368278980255
35,0.5487,0.8536645770072937
36,0.6267,0.8344559669494629
37,0.5042,0.8610807657241821
38,0.602,0.8260981440544128
39,0.4182,0.8915269076824188
40,0.4539,0.8756947219371796
41,0.5657,0.8624070882797241
42,0.3743,0.8868529796600342
43,0.4037,0.8907946348190308
44,0.4092,0.8826055824756622
45,0.3681,0.877077043056488
46,0.3978,0.8865067958831787
47,0.2537,0.9144062697887421
48,0.2691,0.9222404956817627
49,0.2375,0.9301754534244537
50,0.4022,0.8802172839641571
51,0.9038,0.8145509958267212
52,0.532,0.8727760314941406
53,0.552,0.8770878911018372
54,0.2229,0.9422987401485443
55,0.3101,0.9292823076248169
56,0.4418,0.8957366943359375
57,0.354,0.9152346253395081
58,0.5833,0.8476277887821198
59,0.3959,0.8997500538825989
60,0.3791,0.8970768451690674
61,0.2883,0.9232420325279236
62,0.3984,0.9039779305458069
63,0.3875,0.9031988978385925
64,0.4679,0.8821787238121033
65,0.1674,0.9462688267230988
66,0.6641,0.8467385172843933
67,0.4848,0.8764304220676422
68,0.4738,0.879246324300766
69,0.4141,0.892957866191864
70,0.4409,0.8943049609661102
71,0.5007,0.8763592541217804
72,0.4364,0.8875828087329865
73,0.2435,0.9415983855724335
74,0.5246,0.8642257452011108
75,0.4374,0.8771659433841705
76,0.4245,0.8911694586277008
77,0.2453,0.9284193515777588
78,0.3676,0.9129712283611298
79,0.4508,0.8832598030567169
80,0.4805,0.8698757886886597
81,0.6689,0.843181312084198
82,0.4398,0.895285040140152
83,0.5493,0.870575875043869
84,0.2324,0.9361622929573059
85,0.4677,0.8921760022640228
86,0.433,0.8910972476005554
87,0.3929,0.8922834992408752
88,0.3918,0.889934241771698
89,0.472,0.865163266658783
90,0.3031,0.9218229651451111
91,0.4343,0.8822480142116547
92,0.434,0.8748883605003357
93,0.3398,0.9091191589832306
94,0.4444,0.8902843594551086
95,0.4125,0.8813802301883698
96,0.2411,0.9302678406238556
97,0.2623,0.9231857657432556
98,0.2655,0.9184102416038513
99,0.1968,0.9358491599559784
100,0.243,0.910291999578476
101,0.2536,0.9347926080226898
102,0.2587,0.9283083975315094
103,0.2006,0.9486036896705627
104,0.3003,0.9215345680713654
105,0.2142,0.9465813040733337
106,0.2931,0.933522492647171
107,0.4276,0.8810111880302429
108,0.5632,0.8619716763496399
109,0.4262,0.8978688716888428
110,0.3509,0.91486856341362
111,0.217,0.9468656480312347
112,0.2742,0.9161680042743683
113,0.2349,0.9374194145202637
114,0.4496,0.8927889764308929
115,0.2571,0.9300562739372253
116,0.1823,0.9498917758464813
117,0.2718,0.9316999912261963
118,0.3767,0.8870469033718109
119,0.4166,0.9104710519313812
120,0.5017,0.8785362243652344
121,0.1254,0.9645360708236694
122,0.4852,0.8696863651275635
123,0.4818,0.8718977868556976
124,0.491,0.8745980262756348
125,0.2859,0.9178931415081024
126,0.617,0.8472080528736115
127,0.2995,0.9221977591514587
128,0.505,0.8745898604393005
129,0.4072,0.8856641054153442
130,0.4348,0.8788931369781494
131,0.5092,0.8755048215389252
132,0.4675,0.8687013387680054
133,0.306,0.9243902564048767
134,0.3421,0.9044444561004639
135,0.3079,0.9181956350803375
136,0.2499,0.9254150688648224
137,0.4419,0.8871174156665802
138,0.3624,0.903967410326004
139,0.3207,0.8998191058635712
140,0.3918,0.8865374028682709
141,0.376,0.8949971795082092
142,0.2763,0.9112042784690857
143,0.3183,0.9065569937229156
144,0.3124,0.9076744318008423
145,0.2961,0.9092121422290802
146,0.257,0.9289217889308929
147,0.1981,0.9265720546245575
148,0.3597,0.8877739012241364
149,0.3071,0.9110360741615295
150,0.1972,0.9315599203109741
151,0.1664,0.956341415643692
152,0.2154,0.9390795528888702
153,0.2329,0.9417531788349152
154,0.2506,0.9375759363174438
155,0.2518,0.9275047779083252
156,0.2541,0.9420524537563324
157,0.1206,0.9742257595062256
158,0.1582,0.9583011865615845
159,0.4501,0.8917749524116516
160,0.3135,0.9153696298599243
161,0.2807,0.9189557731151581
162,0.4374,0.8841709196567535
163,0.2501,0.9319356679916382
164,0.5523,0.8625101447105408
165,0.4084,0.8987842500209808
166,0.4339,0.8776551485061646
167,0.3195,0.9161695837974548
168,0.3428,0.9117444455623627
169,0.2397,0.932166188955307
170,0.3305,0.9106002748012543
171,0.5027,0.8774529695510864
172,0.3361,0.9164558351039886
173,0.3854,0.8961634635925293
174,0.5411,0.8805749714374542
175,0.4088,0.8971337676048279
176,0.5129,0.8856129348278046
177,0.6125,0.8401458561420441
178,0.3145,0.9121576249599457
179,0.4732,0.8862027823925018
180,0.2898,0.9188722670078278
181,0.4915,0.8803087174892426
182,0.3966,0.8941517770290375
183,0.4836,0.8687094151973724
184,0.6619,0.8540113270282745
185,0.2279,0.9380622506141663
186,0.3364,0.9206029772758484
187,0.2811,0.9136486947536469
188,0.5455,0.8590758144855499
189,0.3055,0.9140236377716064
190,0.3526,0.9148691296577454
191,0.2958,0.9069695472717285
192,0.2312,0.9249980747699738
193,0.3571,0.9088519811630249
194,0.1792,0.9444594979286194
195,0.1521,0.9555437564849854
196,0.2469,0.9295541644096375
197,0.1933,0.9275418221950531
198,0.2003,0.9306150376796722
199,0.1703,0.9403682351112366
200,0.2341,0.9330853521823883
201,0.5261,0.8759528994560242
202,0.2386,0.9374474585056305
203,0.2006,0.9498006105422974
204,0.2078,0.9527023434638977
205,0.1425,0.9608347415924072
206,0.3171,0.9155861139297485
207,0.2121,0.9456308484077454
208,0.4717,0.8830970525741577
209,0.3936,0.8992136418819427
210,0.3409,0.9202742874622345
211,0.1124,0.967827320098877
212,0.3191,0.9120908677577972
213,0.4219,0.8947921395301819
214,0.2499,0.9405008256435394
215,0.5426,0.8540560007095337
216,0.3669,0.9040073454380035
217,0.1738,0.9476790130138397
218,0.4053,0.9033720791339874
219,0.2504,0.9315780699253082
220,0.555,0.8578042089939117
221,0.3773,0.9045047163963318
222,0.3735,0.8906828463077545
223,0.3995,0.906178206205368
224,0.464,0.8861536085605621
225,0.512,0.8692091405391693
226,0.4364,0.8826551735401154
227,0.4209,0.8841156363487244
228,0.3675,0.8975967764854431
229,0.3251,0.9040509760379791
230,0.3329,0.9050691723823547
231,0.3664,0.8962798416614532
232,0.3416,0.8995563387870789
233,0.3329,0.9088474810123444
234,0.3331,0.8963949084281921
235,0.393,0.9006027281284332
236,0.3539,0.9110854864120483
237,0.354,0.9045739471912384
238,0.4119,0.8968265950679779
239,0.4193,0.8989595770835876
240,0.3449,0.884736180305481
241,0.3629,0.8897672891616821
242,0.2744,0.9203098714351654
243,0.307,0.9240451455116272
244,0.232,0.9364124834537506
245,0.2421,0.9360573589801788
246,0.2647,0.919622927904129
247,0.2596,0.9199907779693604
248,0.1812,0.9440101683139801
249,0.1602,0.9432208240032196
250,0.1812,0.9417689144611359
251,0.1594,0.9577692151069641
252,0.1748,0.9489063620567322
253,0.2733,0.9230736494064331
254,0.1304,0.9669844210147858
255,0.3982,0.9052606225013733
256,0.4621,0.8851583302021027
257,0.2219,0.9432636201381683
258,0.1492,0.9585525989532471
259,0.122,0.966500848531723
260,0.2386,0.9297346770763397
261,0.3327,0.9131848514080048
262,0.261,0.9304502904415131
263,0.3931,0.889902263879776
264,0.1934,0.9462049305438995
265,0.17,0.9434026181697845
266,0.2697,0.9370772540569305
267,0.3819,0.8989503979682922
268,0.2996,0.925993412733078
269,0.3657,0.9039493501186371
270,0.3708,0.9038416147232056
271,0.3793,0.9169635772705078
272,0.1319,0.9656508564949036
273,0.2615,0.9257855117321014
274,0.3855,0.8862507045269012
275,0.1745,0.9460187554359436
276,0.3882,0.9113598167896271
277,0.4283,0.9022714793682098
278,0.5123,0.8688613474369049
279,0.3986,0.9054272472858429
280,0.4758,0.8782470226287842
281,0.5142,0.8717774450778961
282,0.4108,0.887730062007904
283,0.2629,0.9256880879402161
284,0.3689,0.9088773131370544
285,0.2472,0.9322473108768463
286,0.2805,0.9267128705978394
287,0.2634,0.9447607696056366
288,0.2982,0.9287300705909729
289,0.3904,0.9050325453281403
290,0.2945,0.9319379031658173
291,0.3719,0.8914034962654114
292,0.2947,0.9155978858470917
293,0.3389,0.9071423709392548
294,0.3013,0.9101108610630035
295,0.2458,0.9281336963176727
296,0.2464,0.9083791375160217
297,0.1425,0.9570619761943817
298,0.1339,0.9544085562229156
299,0.1436,0.9520542323589325
300,0.2511,0.9187260568141937
301,0.1824,0.9508252441883087
302,0.2464,0.9376449882984161
303,0.3167,0.9240690767765045
304,0.1522,0.9577729105949402
305,0.283,0.935858428478241
306,0.2997,0.9260301887989044
307,0.1385,0.9634160995483398
308,0.3192,0.9237528443336487
309,0.1356,0.9655424654483795
310,0.1941,0.9429955184459686
311,0.2716,0.9264411330223083
312,0.4302,0.8942082822322845
313,0.2175,0.9453539252281189
314,0.3012,0.9161390960216522
315,0.1552,0.9563182294368744
316,0.467,0.8826368749141693
317,0.2372,0.9431696832180023
318,0.3905,0.8980423808097839
319,0.2937,0.9228730797767639
320,0.3626,0.9002075493335724
321,0.4401,0.8845153748989105
322,0.2789,0.9204350709915161
323,0.3272,0.9295122027397156
324,0.3215,0.9125727117061615
325,0.3207,0.9213510453701019
326,0.3065,0.9158395528793335
327,0.4754,0.885135143995285
328,0.4046,0.8794071972370148
329,0.4166,0.894113689661026
330,0.2035,0.9389962553977966
331,0.2596,0.9255013763904572
332,0.3024,0.924131840467453
333,0.3266,0.9050964713096619
334,0.2732,0.9220649898052216
335,0.3249,0.9127271175384521
336,0.2932,0.9153135418891907
337,0.3239,0.9098215997219086
338,0.2914,0.9205440580844879
339,0.2937,0.9074198007583618
340,0.4162,0.8868418335914612
341,0.2958,0.9092581570148468
342,0.3566,0.8936593532562256
343,0.228,0.9331561625003815
344,0.269,0.9191835522651672
345,0.1772,0.9453855156898499
346,0.1698,0.9339222311973572
347,0.1937,0.9368521273136139
348,0.1532,0.9477938711643219
349,0.2201,0.9427128732204437
350,0.1507,0.9552814960479736
351,0.3539,0.9356526136398315
352,0.2448,0.9371195733547211
353,0.2153,0.9465852081775665
354,0.1606,0.9573230743408203
355,0.2914,0.9257077872753143
356,0.3173,0.9279520511627197
357,0.1755,0.9454592168331146
358,0.2897,0.9246155917644501
359,0.2625,0.9363383054733276
360,0.2513,0.9257444441318512
361,0.2781,0.9258933663368225
362,0.3477,0.9103387892246246
363,0.4089,0.8971887528896332
364,0.223,0.941915363073349
365,0.3803,0.9091985821723938
366,0.3984,0.9098107814788818
367,0.3442,0.9080562591552734
368,0.2796,0.918243408203125
369,0.2968,0.9155947268009186
370,0.2548,0.9304401278495789
371,0.5093,0.8652735352516174
372,0.3682,0.9025112390518188
373,0.307,0.9187322854995728
374,0.3164,0.9121456742286682
375,0.3851,0.8945770859718323
376,0.3726,0.8932956755161285
377,0.3226,0.906401127576828
378,0.2538,0.9252170622348785
379,0.2978,0.9273980855941772
380,0.302,0.9138314723968506
381,0.3674,0.903363972902298
382,0.3581,0.8929823338985443
383,0.2684,0.9271038770675659
384,0.3038,0.9180092811584473
385,0.326,0.9033617973327637
386,0.4429,0.8852150440216064
387,0.1817,0.9418014287948608
388,0.381,0.9109164178371429
389,0.232,0.9303573668003082
390,0.2466,0.9308536946773529
391,0.3033,0.928390383720398
392,0.3104,0.9121977388858795
393,0.2889,0.9184435904026031
394,0.1992,0.9343736171722412
395,0.1487,0.9523252844810486
396,0.2229,0.937425047159195
397,0.1932,0.9279825985431671
398,0.1251,0.9489701390266418
399,0.1453,0.9589044451713562
400,0.2218,0.9201847016811371
401,0.1198,0.9699334502220154
402,0.3839,0.9001966714859009
403,0.2339,0.9476890861988068
404,0.1956,0.9438431262969971
405,0.1347,0.9611586630344391
406,0.1635,0.956060916185379
407,0.2779,0.9426650702953339
408,0.2756,0.9196116328239441
409,0.3262,0.91991326212883
410,0.1978,0.9424201846122742
411,0.1241,0.9661437273025513
412,0.472,0.8841941952705383
413,0.3381,0.9103431105613708
414,0.3106,0.9194130599498749
415,0.2292,0.9500947296619415
416,0.466,0.8910607397556305
417,0.3401,0.9077964127063751
418,0.2097,0.9427014887332916
419,0.1153,0.969459593296051
420,0.3327,0.9088151454925537
421,0.3035,0.9137425720691681
422,0.2812,0.9278251826763153
423,0.2242,0.9293040335178375
424,0.2115,0.9376311898231506
425,0.3093,0.9115994572639465
426,0.2683,0.9218158423900604
427,0.3864,0.9018039703369141
428,0.2326,0.9376696050167084
429,0.3227,0.9145261943340302
430,0.2208,0.9451897442340851
431,0.3138,0.9085433185100555
432,0.2042,0.9396776556968689
433,0.3886,0.9089655578136444
434,0.3549,0.9120020568370819
435,0.2892,0.919314056634903
436,0.3151,0.9090475738048553
437,0.3174,0.9209477305412292
438,0.3702,0.905998170375824
439,0.2212,0.9357419312000275
440,0.2776,0.9259287416934967
441,0.2033,0.9376227855682373
442,0.2117,0.9354830980300903
443,0.2087,0.9414666295051575
444,0.2394,0.917801558971405
445,0.1498,0.9516561925411224
446,0.1035,0.9588371813297272
447,0.1454,0.9436999261379242
448,0.1864,0.930150032043457
449,0.1624,0.9442031979560852
450,0.1222,0.9526480734348297
451,0.2126,0.9426102042198181
452,0.1972,0.9450404942035675
453,0.12,0.9665008783340454
454,0.1868,0.9409689903259277
455,0.1518,0.9532027542591095
456,0.1787,0.9588452279567719
457,0.1883,0.9423653781414032
458,0.2641,0.9321839809417725
459,0.2186,0.9441479742527008
460,0.4498,0.8787618577480316
461,0.2195,0.9395180940628052
462,0.1935,0.948695182800293
463,0.3458,0.9192805290222168
464,0.3909,0.9083646535873413
465,0.1732,0.9524785876274109
466,0.4056,0.9027428030967712
467,0.2405,0.9309303760528564
468,0.4528,0.8904623687267303
469,0.3277,0.9239889085292816
470,0.4693,0.8781930804252625
471,0.2549,0.9227904081344604
472,0.3901,0.8820156753063202
473,0.3027,0.929061233997345
474,0.374,0.9065182209014893
475,0.2584,0.9239801168441772
476,0.3421,0.9045430719852448
477,0.3116,0.9148296415805817
478,0.3968,0.8955310881137848
479,0.3685,0.900439590215683
480,0.2787,0.9230597615242004
481,0.4522,0.8799684941768646
482,0.4499,0.8813581764698029
483,0.26,0.9237577319145203
484,0.23,0.9352473020553589
485,0.4344,0.9047443866729736
486,0.2432,0.9360105693340302
487,0.3879,0.8954015970230103
488,0.2477,0.9239402115345001
489,0.2721,0.9280019402503967
490,0.2621,0.9177089929580688
491,0.3317,0.9076359272003174
492,0.3193,0.9107379019260406
493,0.2492,0.9315481185913086
494,0.1711,0.9456627666950226
495,0.1589,0.9540694952011108
496,0.2465,0.9207086265087128
497,0.1767,0.9488114714622498
498,0.1328,0.9557912647724152
499,0.1822,0.9470054507255554
500,0.2268,0.928610235452652
501,0.1781,0.9574616849422455
502,0.1332,0.9591526985168457
503,0.0853,0.9807965755462646
504,0.1934,0.9470416009426117
505,0.3403,0.9092214405536652
506,0.3195,0.9122843444347382
507,0.1357,0.9578456282615662
508,0.3171,0.915249228477478
509,0.2578,0.93740513920784
510,0.2602,0.936665415763855
511,0.251,0.9395097494125366
512,0.1694,0.9583847224712372
513,0.3726,0.8885456919670105
514,0.2489,0.9382538199424744
515,0.401,0.9019949436187744
516,0.2306,0.9396919012069702
517,0.3008,0.9174091517925262
518,0.4656,0.8896161913871765
519,0.2786,0.9276528656482697
520,0.3531,0.9121958315372467
521,0.3596,0.89307501912117
522,0.3428,0.9274912774562836
523,0.2416,0.9294812679290771
524,0.4859,0.8722119033336639
525,0.216,0.9310685396194458
526,0.3682,0.895348995923996
527,0.4278,0.8753434121608734
528,0.2481,0.9284367859363556
529,0.3296,0.9129399359226227
530,0.1616,0.95000359416008
531,0.2957,0.9241071343421936
532,0.2947,0.9216630160808563
533,0.2934,0.9127760529518127
534,0.3605,0.9062815606594086
535,0.1919,0.9406688809394836
536,0.2903,0.9160822629928589
537,0.3066,0.9117811918258667
538,0.266,0.9323943555355072
539,0.2472,0.9325081408023834
540,0.271,0.918083131313324
541,0.2962,0.917919248342514
542,0.2424,0.9271016418933868
543,0.1933,0.9427794814109802
544,0.261,0.931048721075058
545,0.1585,0.9488388001918793
546,0.1695,0.9473169445991516
547,0.2211,0.9292533993721008
548,0.2027,0.9260647296905518
549,0.1322,0.9410466253757477
550,0.1263,0.9567765593528748
551,0.0885,0.9777641594409943
552,0.2287,0.9443708956241608
553,0.0976,0.9708366394042969
554,0.1076,0.9713180065155029
555,0.2123,0.9407210052013397
556,0.1633,0.9523890018463135
557,0.2159,0.9439347386360168
558,0.3689,0.9070735275745392
559,0.3542,0.918461948633194
560,0.2483,0.9484280943870544
561,0.3935,0.8960267901420593
562,0.1392,0.9552412629127502
563,0.3548,0.9092659056186676
564,0.2733,0.9286629259586334
565,0.2144,0.9457852840423584
566,0.3647,0.8963403403759003
567,0.275,0.9258527457714081
568,0.383,0.9052185714244843
569,0.3008,0.9155543446540833
570,0.2231,0.9395919442176819
571,0.192,0.9459769129753113
572,0.2949,0.9194595515727997
573,0.2407,0.9362325966358185
574,0.4265,0.883482962846756
575,0.3633,0.8957825899124146
576,0.3233,0.9248879253864288
577,0.3407,0.9204159080982208
578,0.3431,0.910272628068924
579,0.2223,0.9306770861148834
580,0.3014,0.9158307909965515
581,0.3586,0.9064885973930359
582,0.237,0.9328747093677521
583,0.3017,0.9137906134128571
584,0.2682,0.920232504606247
585,0.3919,0.8804824352264404
586,0.3739,0.9050315022468567
587,0.3528,0.9010624885559082
588,0.2985,0.9252638518810272
589,0.1987,0.9449986517429352
590,0.2064,0.9495244026184082
591,0.1849,0.9452803432941437
592,0.3262,0.9151836633682251
593,0.2105,0.9340786635875702
594,0.1792,0.9379966855049133
595,0.2026,0.9448618292808533
596,0.1938,0.9428545236587524
597,0.1363,0.954134613275528
598,0.0985,0.9614183604717255
599,0.1098,0.9603384137153625
600,0.1465,0.9477139115333557
601,0.2106,0.9462377429008484
602,0.1447,0.9643855690956116
603,0.1784,0.9522081017494202
604,0.1863,0.9504924118518829
605,0.1834,0.9451077282428741
606,0.1846,0.9408983290195465
607,0.1119,0.9641249775886536
608,0.1947,0.9535621106624603
609,0.1645,0.9515387713909149
610,0.1431,0.9597160220146179
611,0.4242,0.8999139070510864
612,0.2046,0.9456025063991547
613,0.1799,0.9499876797199249
614,0.2006,0.9375531077384949
615,0.1293,0.9672025442123413
616,0.3167,0.9173354804515839
617,0.25,0.9433974921703339
618,0.3705,0.8935344815254211
619,0.3558,0.8964049816131592
620,0.2745,0.9231516718864441
621,0.268,0.9256021976470947
622,0.3011,0.9226323664188385
623,0.2336,0.9276784360408783
624,0.32,0.9212377369403839
625,0.233,0.9265553951263428
626,0.1191,0.9682151973247528
627,0.4255,0.8718260824680328
628,0.2394,0.9383193254470825
629,0.2969,0.9173189997673035
630,0.3339,0.9085859656333923
631,0.4062,0.8748822510242462
632,0.3261,0.9209068119525909
633,0.356,0.8865363597869873
634,0.3526,0.9076310396194458
635,0.4931,0.8912325501441956
636,0.3577,0.91153684258461
637,0.183,0.9391516447067261
638,0.2743,0.9301522970199585
639,0.2221,0.9336186945438385
640,0.222,0.944696307182312
641,0.3188,0.9106789529323578
642,0.2934,0.9252516627311707
643,0.1409,0.9417468905448914
644,0.2082,0.9417696297168732
645,0.1447,0.9463343024253845
646,0.1749,0.9341515898704529
647,0.193,0.9385121464729309
648,0.1513,0.9369113445281982
649,0.0931,0.9765820801258087
650,0.1329,0.9637557566165924
651,0.3749,0.9235377907752991
652,0.1185,0.9705050885677338
653,0.0658,0.9822015762329102
654,0.1924,0.9495311379432678
655,0.1816,0.9561450183391571
656,0.1211,0.9669866859912872
657,0.1133,0.9673012793064117
658,0.1182,0.9648232161998749
659,0.242,0.9331935942173004
660,0.5039,0.8698649406433105
661,0.2078,0.9465856850147247
662,0.2098,0.9413072764873505
663,0.1671,0.9649129211902618
664,0.2593,0.9346017837524414
665,0.1226,0.9628745317459106
666,0.3025,0.9211515784263611
667,0.2015,0.9428054690361023
668,0.2953,0.9236158430576324
669,0.3614,0.9092521667480469
670,0.2686,0.9198744595050812
671,0.2093,0.9454057514667511
672,0.2106,0.9517881870269775
673,0.2218,0.9359463155269623
674,0.3461,0.9051178693771362
675,0.329,0.903657078742981
676,0.2257,0.9436368048191071
677,0.5423,0.8576365113258362
678,0.3009,0.9064067900180817
679,0.2984,0.9125861525535583
680,0.2565,0.9296981394290924
681,0.4319,0.87748584151268
682,0.3235,0.9115302860736847
683,0.3011,0.9223170876502991
684,0.2291,0.9347927272319794
685,0.2407,0.9271243810653687
686,0.2155,0.9381000697612762
687,0.2407,0.9327314794063568
688,0.2832,0.9252895414829254
689,0.3128,0.9125111699104309
690,0.228,0.9330423772335052
691,0.2946,0.9164738953113556
692,0.2845,0.9251237213611603
693,0.2853,0.923016369342804
694,0.2031,0.9349048733711243
695,0.2412,0.9357729256153107
696,0.1694,0.9422492384910583
697,0.1214,0.9526644349098206
698,0.1995,0.9301395416259766
699,0.1121,0.9614531993865967
700,0.1652,0.940698117017746
701,0.0768,0.9794741570949554
702,0.1083,0.9651813507080078
703,0.0828,0.9747243821620941
704,0.1287,0.960944801568985
705,0.1292,0.9594836831092834
706,0.1626,0.9530437886714935
707,0.1713,0.9586642980575562
708,0.1258,0.9676986932754517
709,0.1074,0.9691078662872314
710,0.3357,0.9073308110237122
711,0.1737,0.9571470022201538
712,0.2459,0.9330041408538818
713,0.3221,0.9029213488101959
714,0.2014,0.946205735206604
715,0.1969,0.9497604668140411
716,0.1838,0.9522101879119873
717,0.2593,0.9282870590686798
718,0.1696,0.9546259939670563
719,0.4896,0.8660117387771606
720,0.3357,0.9162897169589996
721,0.3475,0.913044661283493
722,0.3617,0.9021500647068024
723,0.344,0.9045703113079071
724,0.1597,0.9536334872245789
725,0.2586,0.927187591791153
726,0.2073,0.9408084452152252
727,0.2048,0.9451008439064026
728,0.3371,0.907584935426712
729,0.3066,0.9236061275005341
730,0.2672,0.9303061068058014
731,0.3302,0.8982475101947784
732,0.2008,0.9483288824558258
733,0.2318,0.9265475273132324
734,0.2729,0.9180848300457001
735,0.2484,0.9246091246604919
736,0.3414,0.9122900366783142
737,0.2937,0.9207459092140198
738,0.2403,0.9234946370124817
739,0.2618,0.9187697768211365
740,0.2593,0.9347825944423676
741,0.2619,0.9343114197254181
742,0.239,0.92817622423172
743,0.1886,0.9440670311450958
744,0.2954,0.9048664271831512
745,0.1842,0.9442239999771118
746,0.1227,0.9608005583286285
747,0.214,0.9379100501537323
748,0.1682,0.9395382404327393
749,0.0788,0.9675656259059906
750,0.18,0.9497523903846741
751,0.141,0.9577147662639618
752,0.2519,0.9334235489368439
753,0.1183,0.9626558125019073
754,0.197,0.9558911919593811
755,0.2788,0.9233762621879578
756,0.1504,0.9507374167442322
757,0.1919,0.9488780200481415
758,0.3532,0.9062403440475464
759,0.2542,0.9274956583976746
760,0.104,0.9767478406429291
761,0.4089,0.8931269645690918
762,0.4023,0.8852547407150269
763,0.3106,0.9259907007217407
764,0.1267,0.9581242501735687
765,0.2123,0.9402356743812561
766,0.2346,0.937427431344986
767,0.2115,0.9531504809856415
768,0.135,0.9608507454395294
769,0.3444,0.9144679307937622
770,0.3752,0.9031525552272797
771,0.2687,0.929113358259201
772,0.1923,0.9549216032028198
773,0.2865,0.9130015969276428
774,0.3238,0.9173809587955475
775,0.1706,0.9558038115501404
776,0.1969,0.9388505816459656
777,0.2734,0.9278505444526672
778,0.2573,0.9377961456775665
779,0.2591,0.9237482249736786
780,0.2198,0.9326271116733551
781,0.2895,0.9318121075630188
782,0.298,0.913621574640274
783,0.3266,0.9192215800285339
784,0.2661,0.9304933845996857
785,0.2771,0.9281448423862457
786,0.4676,0.8745400309562683
787,0.3064,0.9156364500522614
788,0.2371,0.9388500154018402
789,0.1611,0.953606367111206
790,0.1815,0.9554312825202942
791,0.1748,0.9406509101390839
792,0.2878,0.9056272208690643
793,0.2522,0.9123013317584991
794,0.178,0.9359061419963837
795,0.1236,0.9515568315982819
796,0.1083,0.9620959758758545
797,0.1422,0.9405612051486969
798,0.1414,0.9638289213180542
799,0.114,0.9544178545475006
800,0.0909,0.9646245241165161
801,0.1185,0.9660631418228149
802,0.1926,0.9450697600841522
803,0.2039,0.9426356554031372
804,0.0716,0.9775859117507935
805,0.1381,0.962361752986908
806,0.1689,0.9557382464408875
807,0.1199,0.968629777431488
808,0.187,0.9458036422729492
809,0.2316,0.9326867163181305
810,0.1804,0.9520612955093384
811,0.3038,0.9109973013401031
812,0.3275,0.9155820608139038
813,0.3615,0.9048748910427094
814,0.3342,0.9200471341609955
815,0.0827,0.9736111164093018
816,0.0611,0.982974648475647
817,0.2629,0.9279551208019257
818,0.2641,0.9362991154193878
819,0.3139,0.9177166819572449
820,0.2469,0.9382092952728271
821,0.1926,0.9520896971225739
822,0.3135,0.914265513420105
823,0.2738,0.9175191223621368
824,0.1026,0.9695273041725159
825,0.3705,0.9056342840194702
826,0.3051,0.913593202829361
827,0.4328,0.9009351432323456
828,0.1957,0.9436940550804138
829,0.2793,0.9231523871421814
830,0.3231,0.9243139624595642
831,0.3079,0.9238040745258331
832,0.2209,0.9292848408222198
833,0.201,0.9394584000110626
834,0.1962,0.9375348687171936
835,0.2937,0.9224560260772705
836,0.225,0.9340329766273499
837,0.286,0.9133997559547424
838,0.255,0.9380770921707153
839,0.3292,0.887718677520752
840,0.2733,0.9320723116397858
841,0.297,0.9182640016078949
842,0.1834,0.9525006115436554
843,0.2041,0.9385699927806854
844,0.2853,0.93031045794487
845,0.1056,0.9675608575344086
846,0.1958,0.94255331158638
847,0.194,0.9463406503200531
848,0.125,0.9518735110759735
849,0.1413,0.9472906291484833
850,0.1475,0.9509687721729279
851,0.1832,0.9597508013248444
852,0.1239,0.9637614190578461
853,0.1372,0.9638455212116241
854,0.1637,0.9563031494617462
855,0.1518,0.958575576543808
856,0.1854,0.9545432031154633
857,0.1851,0.9476782083511353
858,0.1549,0.9544230401515961
859,0.1469,0.9632874131202698
860,0.1742,0.9473154842853546
861,0.3056,0.9192399084568024
862,0.1126,0.9602778255939484
863,0.2422,0.9366475641727448
864,0.2588,0.9311113655567169
865,0.3356,0.9171350002288818
866,0.2511,0.9313320219516754
867,0.2157,0.9437383115291595
868,0.3038,0.9127988815307617
869,0.3684,0.9062760770320892
870,0.1576,0.9557924866676331
871,0.2731,0.9263784885406494
872,0.3136,0.9196973145008087
873,0.1646,0.9450903236865997
874,0.2007,0.9442830383777618
875,0.267,0.9323239922523499
876,0.3951,0.9005189538002014
877,0.1819,0.9426608085632324
878,0.2491,0.9262909293174744
879,0.3373,0.9171642661094666
880,0.2132,0.9399063289165497
881,0.2986,0.9250197112560272
882,0.2287,0.9333132803440094
883,0.3239,0.9135234653949738
884,0.2493,0.9304488301277161
885,0.2559,0.9186930656433105
886,0.2189,0.933058112859726
887,0.243,0.9328977465629578
888,0.1621,0.9497472047805786
889,0.3084,0.9134854674339294
890,0.3218,0.9134143590927124
891,0.2305,0.9393998980522156
892,0.2452,0.9259225726127625
893,0.1171,0.9599426686763763
894,0.1904,0.944954127073288
895,0.1618,0.9415043294429779
896,0.1864,0.9450815916061401
897,0.1872,0.934118241071701
898,0.1481,0.9503202438354492
899,0.1489,0.9445963203907013
900,0.1963,0.9452105164527893
901,0.1009,0.9743878543376923
902,0.1646,0.9536269009113312
903,0.0857,0.9767449200153351
904,0.1984,0.9486197233200073
905,0.1638,0.9569882452487946
906,0.1142,0.973021537065506
907,0.1883,0.9489553868770599
908,0.2114,0.9420648515224457
909,0.2779,0.9302620887756348
910,0.4024,0.9045913219451904
911,0.4096,0.9027591943740845
912,0.2464,0.9308458268642426
913,0.3462,0.9092305898666382
914,0.2453,0.938604474067688
915,0.1391,0.9598538279533386
916,0.3123,0.915240466594696
917,0.3573,0.8966646194458008
918,0.2588,0.928636372089386
919,0.362,0.8977168798446655
920,0.3066,0.9104763567447662
921,0.247,0.94300577044487
922,0.2401,0.9299209415912628
923,0.2364,0.9302009642124176
924,0.2689,0.924358606338501
925,0.2533,0.9363774955272675
926,0.3351,0.9112991392612457
927,0.2363,0.9421955645084381
928,0.1782,0.9463672637939453
929,0.3163,0.9113741219043732
930,0.2079,0.9499287009239197
931,0.3994,0.8909173309803009
932,0.2462,0.9313004910945892
933,0.2223,0.9422993659973145
934,0.3433,0.925420880317688
935,0.2385,0.9356501996517181
936,0.2283,0.9264551103115082
937,0.2535,0.9268415570259094
938,0.2455,0.9259708523750305
939,0.1755,0.9448656141757965
940,0.2292,0.9406510889530182
941,0.2313,0.9429759681224823
942,0.2036,0.935280442237854
943,0.2259,0.9339223802089691
944,0.1619,0.9549597799777985
945,0.2419,0.9392988085746765
946,0.1005,0.9572424590587616
947,0.1826,0.9294660091400146
948,0.2288,0.9312397837638855
949,0.1354,0.9573009610176086
950,0.1392,0.9513420462608337
951,0.0742,0.9770674407482147
952,0.1749,0.9471248686313629
953,0.1365,0.9615119397640228
954,0.1544,0.957801878452301
955,0.149,0.964568018913269
956,0.1715,0.9570010900497437
957,0.0776,0.9798797070980072
958,0.2283,0.9432964026927948
959,0.2562,0.9268418550491333
960,0.1628,0.9482077956199646
961,0.1061,0.9671430587768555
962,0.2291,0.9380229711532593
963,0.2229,0.9413982629776001
964,0.185,0.9578683376312256
965,0.1097,0.9675240814685822
966,0.3446,0.9108048379421234
967,0.3181,0.9245303869247437
968,0.1838,0.9481934010982513
969,0.1662,0.9511316120624542
970,0.3468,0.9030559360980988
971,0.3501,0.9122948348522186
972,0.3346,0.9037237763404846
973,0.279,0.9218384623527527
974,0.1883,0.9520647823810577
975,0.2539,0.9189694821834564
976,0.2184,0.9272502660751343
977,0.1278,0.9667035341262817
978,0.2143,0.9384475648403168
979,0.1953,0.9469572305679321
980,0.3057,0.9130718410015106
981,0.2357,0.9354144334793091
982,0.2665,0.9239108860492706
983,0.2154,0.9316613972187042
984,0.1738,0.9441350102424622
985,0.3193,0.9090828001499176
986,0.4065,0.8985462784767151
987,0.2762,0.919090986251831
988,0.152,0.9517156481742859
989,0.3349,0.9012064039707184
990,0.2392,0.9342311322689056
991,0.1987,0.9419934451580048
992,0.3012,0.9155804812908173
993,0.2434,0.9280294477939606
994,0.2786,0.9302821755409241
995,0.157,0.9563403725624084
996,0.1476,0.951731413602829
997,0.1595,0.9450379908084869
998,0.1534,0.9546567499637604
999,0.1595,0.9441329836845398
1000,0.0947,0.9668725728988647
